dataset,count,mean,std,min,max,25th_percentile,median,75th_percentile
Train,822.0,0.14233211678832117,0.39790388720090963,-0.938,0.937,-0.1975,0.2525,0.4475
Validation,117.0,0.07245299145299144,0.37428028626276805,-0.626,0.721,-0.31,0.214,0.39
Test,234.0,0.07484188034188033,0.40980173762595967,-0.812,0.975,-0.35075,0.2245,0.4235
